source_x,overlap,tc,phi_c
6.8299059406965825e-06,0.7260746948198922,4.4990797611734365e-05,0.8988481929711591
