source_x,overlap,tc,phi_c
3e-05,0.9714607075523545,0.13074661960644457,1.5821448560236062
4.7777777777777784e-05,0.4551768928570114,0.2,-1.9535980272710418
6.555555555555556e-05,0.06569137757978226,0.017424229965296502,3.141592653589793
8.333333333333334e-05,0.483217515555107,0.00671076318374549,-3.141592653589793
0.00010111111111111112,0.06605619487716706,0.030570580616003352,-0.8778043463545449
0.00011888888888888889,0.8382905482399164,2.713781156724822e-05,0.008544807223706423
0.0001366666666666667,0.8780960619970958,2.3191636378698753e-05,0.008547829841089923
0.00015444444444444446,0.05195698843109513,0.043585006682303126,1.2171284200913617
0.00017222222222222224,0.07481393131320824,0.030511577720142638,-0.8652551874334863
0.00019,0.6389892577694746,0.006688000088536529,-3.141592653589793
